{
  "model_name": "HistGradientBoosting",
  "timestamp": "20260313_221447",
  "val_metrics": {
    "weighted_f1": 0.9708,
    "macro_f1": 0.8794,
    "balanced_accuracy": 0.9815,
    "classification_report": {
      "high": {
        "precision": 0.5,
        "recall": 1.0,
        "f1-score": 0.6666666666666666,
        "support": 1.0
      },
      "low": {
        "precision": 1.0,
        "recall": 1.0,
        "f1-score": 1.0,
        "support": 10.0
      },
      "medium": {
        "precision": 1.0,
        "recall": 0.9444444444444444,
        "f1-score": 0.9714285714285714,
        "support": 18.0
      },
      "accuracy": 0.9655172413793104,
      "macro avg": {
        "precision": 0.8333333333333334,
        "recall": 0.9814814814814815,
        "f1-score": 0.8793650793650793,
        "support": 29.0
      },
      "weighted avg": {
        "precision": 0.9827586206896551,
        "recall": 0.9655172413793104,
        "f1-score": 0.9707717569786535,
        "support": 29.0
      }
    },
    "confusion_matrix": [
      [
        1,
        0,
        0
      ],
      [
        0,
        10,
        0
      ],
      [
        1,
        0,
        17
      ]
    ],
    "confusion_matrix_labels": [
      "high",
      "low",
      "medium"
    ],
    "class_counts": {
      "0": 1,
      "1": 10,
      "2": 18
    }
  },
  "test_metrics": {
    "weighted_f1": 0.9132,
    "macro_f1": 0.6508,
    "balanced_accuracy": 0.6667,
    "classification_report": {
      "high": {
        "precision": 0.0,
        "recall": 0.0,
        "f1-score": 0.0,
        "support": 2.0
      },
      "low": {
        "precision": 1.0,
        "recall": 1.0,
        "f1-score": 1.0,
        "support": 12.0
      },
      "medium": {
        "precision": 0.9090909090909091,
        "recall": 1.0,
        "f1-score": 0.9523809523809523,
        "support": 20.0
      },
      "accuracy": 0.9411764705882353,
      "macro avg": {
        "precision": 0.6363636363636364,
        "recall": 0.6666666666666666,
        "f1-score": 0.6507936507936508,
        "support": 34.0
      },
      "weighted avg": {
        "precision": 0.8877005347593583,
        "recall": 0.9411764705882353,
        "f1-score": 0.9131652661064426,
        "support": 34.0
      }
    },
    "confusion_matrix": [
      [
        0,
        0,
        2
      ],
      [
        0,
        12,
        0
      ],
      [
        0,
        0,
        20
      ]
    ],
    "confusion_matrix_labels": [
      "high",
      "low",
      "medium"
    ],
    "class_counts": {
      "0": 2,
      "1": 12,
      "2": 20
    }
  },
  "features_used": [
    "temperature",
    "heartrate",
    "resprate",
    "o2sat",
    "sbp",
    "dbp",
    "pain",
    "acuity",
    "temperature_mean",
    "temperature_max",
    "heartrate_mean",
    "heartrate_max",
    "resprate_mean",
    "resprate_max",
    "o2sat_mean",
    "o2sat_min",
    "sbp_mean",
    "dbp_mean",
    "pain_max",
    "vitals_count",
    "visit_duration_hours",
    "medication_count",
    "diagnosis_count",
    "complaint_respiratory_flag",
    "complaint_fever_flag",
    "complaint_cough_flag",
    "complaint_sore_throat_flag",
    "diagnosis_infectious_flag",
    "diagnosis_respiratory_flag",
    "diagnosis_viral_like_flag",
    "diagnosis_severe_flag",
    "medication_antibiotic_flag",
    "fever_flag",
    "high_fever_flag",
    "low_spo2_flag",
    "tachycardia_flag",
    "tachypnea_flag",
    "short_visit_flag",
    "symptom_burden_count",
    "respiratory_pattern_score",
    "severity_score_proxy"
  ],
  "n_features": 41
}