{
  "model_name": "HistGradientBoosting",
  "model_path": "D:\\data\\antibiotic_risk_model\\models\\medium\\experiments\\20260313_221447\\model.joblib",
  "le_path": "D:\\data\\antibiotic_risk_model\\models\\medium\\experiments\\20260313_221447\\label_encoder.joblib",
  "metrics": {
    "model_name": "HistGradientBoosting",
    "timestamp": "20260313_221447",
    "val_metrics": {
      "weighted_f1": 0.9708,
      "macro_f1": 0.8794,
      "balanced_accuracy": 0.9815,
      "classification_report": {
        "high": {
          "precision": 0.5,
          "recall": 1.0,
          "f1-score": 0.6666666666666666,
          "support": 1.0
        },
        "low": {
          "precision": 1.0,
          "recall": 1.0,
          "f1-score": 1.0,
          "support": 10.0
        },
        "medium": {
          "precision": 1.0,
          "recall": 0.9444444444444444,
          "f1-score": 0.9714285714285714,
          "support": 18.0
        },
        "accuracy": 0.9655172413793104,
        "macro avg": {
          "precision": 0.8333333333333334,
          "recall": 0.9814814814814815,
          "f1-score": 0.8793650793650793,
          "support": 29.0
        },
        "weighted avg": {
          "precision": 0.9827586206896551,
          "recall": 0.9655172413793104,
          "f1-score": 0.9707717569786535,
          "support": 29.0
        }
      },
      "confusion_matrix": [
        [
          1,
          0,
          0
        ],
        [
          0,
          10,
          0
        ],
        [
          1,
          0,
          17
        ]
      ],
      "confusion_matrix_labels": [
        "high",
        "low",
        "medium"
      ],
      "class_counts": {
        "0": 1,
        "1": 10,
        "2": 18
      }
    },
    "test_metrics": {
      "weighted_f1": 0.9132,
      "macro_f1": 0.6508,
      "balanced_accuracy": 0.6667,
      "classification_report": {
        "high": {
          "precision": 0.0,
          "recall": 0.0,
          "f1-score": 0.0,
          "support": 2.0
        },
        "low": {
          "precision": 1.0,
          "recall": 1.0,
          "f1-score": 1.0,
          "support": 12.0
        },
        "medium": {
          "precision": 0.9090909090909091,
          "recall": 1.0,
          "f1-score": 0.9523809523809523,
          "support": 20.0
        },
        "accuracy": 0.9411764705882353,
        "macro avg": {
          "precision": 0.6363636363636364,
          "recall": 0.6666666666666666,
          "f1-score": 0.6507936507936508,
          "support": 34.0
        },
        "weighted avg": {
          "precision": 0.8877005347593583,
          "recall": 0.9411764705882353,
          "f1-score": 0.9131652661064426,
          "support": 34.0
        }
      },
      "confusion_matrix": [
        [
          0,
          0,
          2
        ],
        [
          0,
          12,
          0
        ],
        [
          0,
          0,
          20
        ]
      ],
      "confusion_matrix_labels": [
        "high",
        "low",
        "medium"
      ],
      "class_counts": {
        "0": 2,
        "1": 12,
        "2": 20
      }
    },
    "features_used": [
      "temperature",
      "heartrate",
      "resprate",
      "o2sat",
      "sbp",
      "dbp",
      "pain",
      "acuity",
      "temperature_mean",
      "temperature_max",
      "heartrate_mean",
      "heartrate_max",
      "resprate_mean",
      "resprate_max",
      "o2sat_mean",
      "o2sat_min",
      "sbp_mean",
      "dbp_mean",
      "pain_max",
      "vitals_count",
      "visit_duration_hours",
      "medication_count",
      "diagnosis_count",
      "complaint_respiratory_flag",
      "complaint_fever_flag",
      "complaint_cough_flag",
      "complaint_sore_throat_flag",
      "diagnosis_infectious_flag",
      "diagnosis_respiratory_flag",
      "diagnosis_viral_like_flag",
      "diagnosis_severe_flag",
      "medication_antibiotic_flag",
      "fever_flag",
      "high_fever_flag",
      "low_spo2_flag",
      "tachycardia_flag",
      "tachypnea_flag",
      "short_visit_flag",
      "symptom_burden_count",
      "respiratory_pattern_score",
      "severity_score_proxy"
    ],
    "n_features": 41
  },
  "feature_importance": "                       feature  importance  rank\n0         severity_score_proxy    0.129933     1\n1   complaint_respiratory_flag    0.062214     2\n2                heartrate_max    0.058111     3\n3         symptom_burden_count    0.054127     4\n4               heartrate_mean    0.053347     5\n5    respiratory_pattern_score    0.052338     6\n6                       acuity    0.052242     7\n7                    heartrate    0.038537     8\n8                     pain_max    0.038150     9\n9                  temperature    0.029689    10\n10                        pain    0.029409    11\n11                    dbp_mean    0.029138    12\n12                    resprate    0.028180    13\n13               resprate_mean    0.025713    14\n14            tachycardia_flag    0.025465    15\n15                         sbp    0.025202    16\n16                vitals_count    0.024289    17\n17                         dbp    0.023584    18\n18            medication_count    0.021914    19\n19                  o2sat_mean    0.020968    20\n20            temperature_mean    0.019501    21\n21        visit_duration_hours    0.019269    22\n22                   o2sat_min    0.018923    23\n23   diagnosis_infectious_flag    0.018124    24\n24                    sbp_mean    0.016114    25\n25              tachypnea_flag    0.014751    26\n26             temperature_max    0.013560    27\n27                resprate_max    0.013155    28\n28                       o2sat    0.012247    29\n29             diagnosis_count    0.007816    30\n30  medication_antibiotic_flag    0.006929    31\n31   diagnosis_viral_like_flag    0.004962    32\n32  diagnosis_respiratory_flag    0.003606    33\n33            short_visit_flag    0.002651    34\n34               low_spo2_flag    0.002523    35\n35                  fever_flag    0.001576    36\n36             high_fever_flag    0.001027    37\n37       diagnosis_severe_flag    0.000578    38\n38        complaint_fever_flag    0.000115    39\n39        complaint_cough_flag    0.000022    40\n40  complaint_sore_throat_flag    0.000000    41",
  "timestamp": "20260313_221447",
  "exp_dir": "D:\\data\\antibiotic_risk_model\\models\\medium\\experiments\\20260313_221447"
}